,album,artists,available_markets,disc_number,duration_ms,explicit,external_ids,external_urls,href,id,is_local,name,popularity,preview_url,track_number,type,uri
0,"{'album_type': 'album', 'artists': [{'external_urls': {'spotify': 'https://open.spotify.com/artist/6eUKZXaKkcviH0Ku9w2n3V'}, 'href': 'https://api.spotify.com/v1/artists/6eUKZXaKkcviH0Ku9w2n3V', 'id': '6eUKZXaKkcviH0Ku9w2n3V', 'name': 'Ed Sheeran', 'type': 'artist', 'uri': 'spotify:artist:6eUKZXaKkcviH0Ku9w2n3V'}], 'available_markets': ['AD', 'AE', 'AG', 'AL', 'AM', 'AO', 'AR', 'AT', 'AU', 'AZ', 'BA', 'BB', 'BD', 'BE', 'BF', 'BG', 'BH', 'BI', 'BJ', 'BN', 'BO', 'BR', 'BS', 'BT', 'BW', 'BY', 'BZ', 'CA', 'CH', 'CI', 'CL', 'CM', 'CO', 'CR', 'CV', 'CW', 'CY', 'CZ', 'DE', 'DJ', 'DK', 'DM', 'DO', 'DZ', 'EC', 'EE', 'EG', 'ES', 'FI', 'FJ', 'FM', 'FR', 'GA', 'GB', 'GD', 'GE', 'GH', 'GM', 'GN', 'GQ', 'GR', 'GT', 'GW', 'GY', 'HK', 'HN', 'HR', 'HT', 'HU', 'ID', 'IE', 'IL', 'IN', 'IS', 'IT', 'JM', 'JO', 'JP', 'KE', 'KG', 'KH', 'KI', 'KM', 'KN', 'KR', 'KW', 'KZ', 'LA', 'LB', 'LC', 'LI', 'LK', 'LR', 'LS', 'LT', 'LU', 'LV', 'MA', 'MC', 'MD', 'ME', 'MG', 'MH', 'MK', 'ML', 'MN', 'MO', 'MR', 'MT', 'MU', 'MV', 'MW', 'MX', 'MY', 'MZ', 'NA', 'NE', 'NG', 'NI', 'NL', 'NO', 'NP', 'NR', 'NZ', 'OM', 'PA', 'PE', 'PG', 'PH', 'PK', 'PL', 'PS', 'PT', 'PW', 'PY', 'QA', 'RO', 'RS', 'RU', 'RW', 'SA', 'SB', 'SC', 'SE', 'SG', 'SI', 'SK', 'SL', 'SM', 'SN', 'SR', 'ST', 'SV', 'SZ', 'TD', 'TG', 'TH', 'TL', 'TN', 'TO', 'TR', 'TT', 'TV', 'TW', 'TZ', 'UA', 'UG', 'US', 'UY', 'UZ', 'VC', 'VN', 'VU', 'WS', 'XK', 'ZA', 'ZM', 'ZW'], 'external_urls': {'spotify': 'https://open.spotify.com/album/32iAEBstCjauDhyKpGjTuq'}, 'href': 'https://api.spotify.com/v1/albums/32iAEBstCjauDhyKpGjTuq', 'id': '32iAEBstCjauDhyKpGjTuq', 'images': [{'height': 640, 'url': 'https://i.scdn.co/image/ab67616d0000b273ef24c3fdbf856340d55cfeb2', 'width': 640}, {'height': 300, 'url': 'https://i.scdn.co/image/ab67616d00001e02ef24c3fdbf856340d55cfeb2', 'width': 300}, {'height': 64, 'url': 'https://i.scdn.co/image/ab67616d00004851ef24c3fdbf856340d55cfeb2', 'width': 64}], 'name': '=', 'release_date': '2021-10-29', 'release_date_precision': 'day', 'total_tracks': 14, 'type': 'album', 'uri': 'spotify:album:32iAEBstCjauDhyKpGjTuq'}","[{'external_urls': {'spotify': 'https://open.spotify.com/artist/6eUKZXaKkcviH0Ku9w2n3V'}, 'href': 'https://api.spotify.com/v1/artists/6eUKZXaKkcviH0Ku9w2n3V', 'id': '6eUKZXaKkcviH0Ku9w2n3V', 'name': 'Ed Sheeran', 'type': 'artist', 'uri': 'spotify:artist:6eUKZXaKkcviH0Ku9w2n3V'}]","['AD', 'AE', 'AG', 'AL', 'AM', 'AO', 'AR', 'AT', 'AU', 'AZ', 'BA', 'BB', 'BD', 'BE', 'BF', 'BG', 'BH', 'BI', 'BJ', 'BN', 'BO', 'BR', 'BS', 'BT', 'BW', 'BY', 'BZ', 'CA', 'CH', 'CI', 'CL', 'CM', 'CO', 'CR', 'CV', 'CW', 'CY', 'CZ', 'DE', 'DJ', 'DK', 'DM', 'DO', 'DZ', 'EC', 'EE', 'EG', 'ES', 'FI', 'FJ', 'FM', 'FR', 'GA', 'GB', 'GD', 'GE', 'GH', 'GM', 'GN', 'GQ', 'GR', 'GT', 'GW', 'GY', 'HK', 'HN', 'HR', 'HT', 'HU', 'ID', 'IE', 'IL', 'IN', 'IS', 'IT', 'JM', 'JO', 'JP', 'KE', 'KG', 'KH', 'KI', 'KM', 'KN', 'KR', 'KW', 'KZ', 'LA', 'LB', 'LC', 'LI', 'LK', 'LR', 'LS', 'LT', 'LU', 'LV', 'MA', 'MC', 'MD', 'ME', 'MG', 'MH', 'MK', 'ML', 'MN', 'MO', 'MR', 'MT', 'MU', 'MV', 'MW', 'MX', 'MY', 'MZ', 'NA', 'NE', 'NG', 'NI', 'NL', 'NO', 'NP', 'NR', 'NZ', 'OM', 'PA', 'PE', 'PG', 'PH', 'PK', 'PL', 'PS', 'PT', 'PW', 'PY', 'QA', 'RO', 'RS', 'RU', 'RW', 'SA', 'SB', 'SC', 'SE', 'SG', 'SI', 'SK', 'SL', 'SM', 'SN', 'SR', 'ST', 'SV', 'SZ', 'TD', 'TG', 'TH', 'TL', 'TN', 'TO', 'TR', 'TT', 'TV', 'TW', 'TZ', 'UA', 'UG', 'US', 'UY', 'UZ', 'VC', 'VN', 'VU', 'WS', 'XK', 'ZA', 'ZM', 'ZW']",1,195760,False,{'isrc': 'GBAHS2100670'},{'spotify': 'https://open.spotify.com/track/2JiHR4gCDjXwYVRDmwdk95'},https://api.spotify.com/v1/tracks/2JiHR4gCDjXwYVRDmwdk95,2JiHR4gCDjXwYVRDmwdk95,False,Tides,76,https://p.scdn.co/mp3-preview/50df74b9445911ae4ed7cbda7694c13f9cfc2522?cid=33d8deeef1ab45eab51ced741d6bf2f4,1,track,spotify:track:2JiHR4gCDjXwYVRDmwdk95
1,"{'album_type': 'album', 'artists': [{'external_urls': {'spotify': 'https://open.spotify.com/artist/6eUKZXaKkcviH0Ku9w2n3V'}, 'href': 'https://api.spotify.com/v1/artists/6eUKZXaKkcviH0Ku9w2n3V', 'id': '6eUKZXaKkcviH0Ku9w2n3V', 'name': 'Ed Sheeran', 'type': 'artist', 'uri': 'spotify:artist:6eUKZXaKkcviH0Ku9w2n3V'}], 'available_markets': ['AD', 'AE', 'AG', 'AL', 'AM', 'AO', 'AR', 'AT', 'AU', 'AZ', 'BA', 'BB', 'BD', 'BE', 'BF', 'BG', 'BH', 'BI', 'BJ', 'BN', 'BO', 'BR', 'BS', 'BT', 'BW', 'BY', 'BZ', 'CA', 'CH', 'CI', 'CL', 'CM', 'CO', 'CR', 'CV', 'CW', 'CY', 'CZ', 'DE', 'DJ', 'DK', 'DM', 'DO', 'DZ', 'EC', 'EE', 'EG', 'ES', 'FI', 'FJ', 'FM', 'FR', 'GA', 'GB', 'GD', 'GE', 'GH', 'GM', 'GN', 'GQ', 'GR', 'GT', 'GW', 'GY', 'HK', 'HN', 'HR', 'HT', 'HU', 'ID', 'IE', 'IL', 'IN', 'IS', 'IT', 'JM', 'JO', 'JP', 'KE', 'KG', 'KH', 'KI', 'KM', 'KN', 'KR', 'KW', 'KZ', 'LA', 'LB', 'LC', 'LI', 'LK', 'LR', 'LS', 'LT', 'LU', 'LV', 'MA', 'MC', 'MD', 'ME', 'MG', 'MH', 'MK', 'ML', 'MN', 'MO', 'MR', 'MT', 'MU', 'MV', 'MW', 'MX', 'MY', 'MZ', 'NA', 'NE', 'NG', 'NI', 'NL', 'NO', 'NP', 'NR', 'NZ', 'OM', 'PA', 'PE', 'PG', 'PH', 'PK', 'PL', 'PS', 'PT', 'PW', 'PY', 'QA', 'RO', 'RS', 'RU', 'RW', 'SA', 'SB', 'SC', 'SE', 'SG', 'SI', 'SK', 'SL', 'SM', 'SN', 'SR', 'ST', 'SV', 'SZ', 'TD', 'TG', 'TH', 'TL', 'TN', 'TO', 'TR', 'TT', 'TV', 'TW', 'TZ', 'UA', 'UG', 'US', 'UY', 'UZ', 'VC', 'VN', 'VU', 'WS', 'XK', 'ZA', 'ZM', 'ZW'], 'external_urls': {'spotify': 'https://open.spotify.com/album/32iAEBstCjauDhyKpGjTuq'}, 'href': 'https://api.spotify.com/v1/albums/32iAEBstCjauDhyKpGjTuq', 'id': '32iAEBstCjauDhyKpGjTuq', 'images': [{'height': 640, 'url': 'https://i.scdn.co/image/ab67616d0000b273ef24c3fdbf856340d55cfeb2', 'width': 640}, {'height': 300, 'url': 'https://i.scdn.co/image/ab67616d00001e02ef24c3fdbf856340d55cfeb2', 'width': 300}, {'height': 64, 'url': 'https://i.scdn.co/image/ab67616d00004851ef24c3fdbf856340d55cfeb2', 'width': 64}], 'name': '=', 'release_date': '2021-10-29', 'release_date_precision': 'day', 'total_tracks': 14, 'type': 'album', 'uri': 'spotify:album:32iAEBstCjauDhyKpGjTuq'}","[{'external_urls': {'spotify': 'https://open.spotify.com/artist/6eUKZXaKkcviH0Ku9w2n3V'}, 'href': 'https://api.spotify.com/v1/artists/6eUKZXaKkcviH0Ku9w2n3V', 'id': '6eUKZXaKkcviH0Ku9w2n3V', 'name': 'Ed Sheeran', 'type': 'artist', 'uri': 'spotify:artist:6eUKZXaKkcviH0Ku9w2n3V'}]","['AD', 'AE', 'AG', 'AL', 'AM', 'AO', 'AR', 'AT', 'AU', 'AZ', 'BA', 'BB', 'BD', 'BE', 'BF', 'BG', 'BH', 'BI', 'BJ', 'BN', 'BO', 'BR', 'BS', 'BT', 'BW', 'BY', 'BZ', 'CA', 'CH', 'CI', 'CL', 'CM', 'CO', 'CR', 'CV', 'CW', 'CY', 'CZ', 'DE', 'DJ', 'DK', 'DM', 'DO', 'DZ', 'EC', 'EE', 'EG', 'ES', 'FI', 'FJ', 'FM', 'FR', 'GA', 'GB', 'GD', 'GE', 'GH', 'GM', 'GN', 'GQ', 'GR', 'GT', 'GW', 'GY', 'HK', 'HN', 'HR', 'HT', 'HU', 'ID', 'IE', 'IL', 'IN', 'IS', 'IT', 'JM', 'JO', 'JP', 'KE', 'KG', 'KH', 'KI', 'KM', 'KN', 'KR', 'KW', 'KZ', 'LA', 'LB', 'LC', 'LI', 'LK', 'LR', 'LS', 'LT', 'LU', 'LV', 'MA', 'MC', 'MD', 'ME', 'MG', 'MH', 'MK', 'ML', 'MN', 'MO', 'MR', 'MT', 'MU', 'MV', 'MW', 'MX', 'MY', 'MZ', 'NA', 'NE', 'NG', 'NI', 'NL', 'NO', 'NP', 'NR', 'NZ', 'OM', 'PA', 'PE', 'PG', 'PH', 'PK', 'PL', 'PS', 'PT', 'PW', 'PY', 'QA', 'RO', 'RS', 'RU', 'RW', 'SA', 'SB', 'SC', 'SE', 'SG', 'SI', 'SK', 'SL', 'SM', 'SN', 'SR', 'ST', 'SV', 'SZ', 'TD', 'TG', 'TH', 'TL', 'TN', 'TO', 'TR', 'TT', 'TV', 'TW', 'TZ', 'UA', 'UG', 'US', 'UY', 'UZ', 'VC', 'VN', 'VU', 'WS', 'XK', 'ZA', 'ZM', 'ZW']",1,207853,False,{'isrc': 'GBAHS2100671'},{'spotify': 'https://open.spotify.com/track/50nfwKoDiSYg8zOCREWAm5'},https://api.spotify.com/v1/tracks/50nfwKoDiSYg8zOCREWAm5,50nfwKoDiSYg8zOCREWAm5,False,Shivers,77,https://p.scdn.co/mp3-preview/bb9f413d6876e265d09a5d2d93345c64f8ac4de8?cid=33d8deeef1ab45eab51ced741d6bf2f4,2,track,spotify:track:50nfwKoDiSYg8zOCREWAm5
2,"{'album_type': 'album', 'artists': [{'external_urls': {'spotify': 'https://open.spotify.com/artist/6eUKZXaKkcviH0Ku9w2n3V'}, 'href': 'https://api.spotify.com/v1/artists/6eUKZXaKkcviH0Ku9w2n3V', 'id': '6eUKZXaKkcviH0Ku9w2n3V', 'name': 'Ed Sheeran', 'type': 'artist', 'uri': 'spotify:artist:6eUKZXaKkcviH0Ku9w2n3V'}], 'available_markets': ['AD', 'AE', 'AG', 'AL', 'AM', 'AO', 'AR', 'AT', 'AU', 'AZ', 'BA', 'BB', 'BD', 'BE', 'BF', 'BG', 'BH', 'BI', 'BJ', 'BN', 'BO', 'BR', 'BS', 'BT', 'BW', 'BY', 'BZ', 'CA', 'CH', 'CI', 'CL', 'CM', 'CO', 'CR', 'CV', 'CW', 'CY', 'CZ', 'DE', 'DJ', 'DK', 'DM', 'DO', 'DZ', 'EC', 'EE', 'EG', 'ES', 'FI', 'FJ', 'FM', 'FR', 'GA', 'GB', 'GD', 'GE', 'GH', 'GM', 'GN', 'GQ', 'GR', 'GT', 'GW', 'GY', 'HK', 'HN', 'HR', 'HT', 'HU', 'ID', 'IE', 'IL', 'IN', 'IS', 'IT', 'JM', 'JO', 'JP', 'KE', 'KG', 'KH', 'KI', 'KM', 'KN', 'KR', 'KW', 'KZ', 'LA', 'LB', 'LC', 'LI', 'LK', 'LR', 'LS', 'LT', 'LU', 'LV', 'MA', 'MC', 'MD', 'ME', 'MG', 'MH', 'MK', 'ML', 'MN', 'MO', 'MR', 'MT', 'MU', 'MV', 'MW', 'MX', 'MY', 'MZ', 'NA', 'NE', 'NG', 'NI', 'NL', 'NO', 'NP', 'NR', 'NZ', 'OM', 'PA', 'PE', 'PG', 'PH', 'PK', 'PL', 'PS', 'PT', 'PW', 'PY', 'QA', 'RO', 'RS', 'RU', 'RW', 'SA', 'SB', 'SC', 'SE', 'SG', 'SI', 'SK', 'SL', 'SM', 'SN', 'SR', 'ST', 'SV', 'SZ', 'TD', 'TG', 'TH', 'TL', 'TN', 'TO', 'TR', 'TT', 'TV', 'TW', 'TZ', 'UA', 'UG', 'US', 'UY', 'UZ', 'VC', 'VN', 'VU', 'WS', 'XK', 'ZA', 'ZM', 'ZW'], 'external_urls': {'spotify': 'https://open.spotify.com/album/32iAEBstCjauDhyKpGjTuq'}, 'href': 'https://api.spotify.com/v1/albums/32iAEBstCjauDhyKpGjTuq', 'id': '32iAEBstCjauDhyKpGjTuq', 'images': [{'height': 640, 'url': 'https://i.scdn.co/image/ab67616d0000b273ef24c3fdbf856340d55cfeb2', 'width': 640}, {'height': 300, 'url': 'https://i.scdn.co/image/ab67616d00001e02ef24c3fdbf856340d55cfeb2', 'width': 300}, {'height': 64, 'url': 'https://i.scdn.co/image/ab67616d00004851ef24c3fdbf856340d55cfeb2', 'width': 64}], 'name': '=', 'release_date': '2021-10-29', 'release_date_precision': 'day', 'total_tracks': 14, 'type': 'album', 'uri': 'spotify:album:32iAEBstCjauDhyKpGjTuq'}","[{'external_urls': {'spotify': 'https://open.spotify.com/artist/6eUKZXaKkcviH0Ku9w2n3V'}, 'href': 'https://api.spotify.com/v1/artists/6eUKZXaKkcviH0Ku9w2n3V', 'id': '6eUKZXaKkcviH0Ku9w2n3V', 'name': 'Ed Sheeran', 'type': 'artist', 'uri': 'spotify:artist:6eUKZXaKkcviH0Ku9w2n3V'}]","['AD', 'AE', 'AG', 'AL', 'AM', 'AO', 'AR', 'AT', 'AU', 'AZ', 'BA', 'BB', 'BD', 'BE', 'BF', 'BG', 'BH', 'BI', 'BJ', 'BN', 'BO', 'BR', 'BS', 'BT', 'BW', 'BY', 'BZ', 'CA', 'CH', 'CI', 'CL', 'CM', 'CO', 'CR', 'CV', 'CW', 'CY', 'CZ', 'DE', 'DJ', 'DK', 'DM', 'DO', 'DZ', 'EC', 'EE', 'EG', 'ES', 'FI', 'FJ', 'FM', 'FR', 'GA', 'GB', 'GD', 'GE', 'GH', 'GM', 'GN', 'GQ', 'GR', 'GT', 'GW', 'GY', 'HK', 'HN', 'HR', 'HT', 'HU', 'ID', 'IE', 'IL', 'IN', 'IS', 'IT', 'JM', 'JO', 'JP', 'KE', 'KG', 'KH', 'KI', 'KM', 'KN', 'KR', 'KW', 'KZ', 'LA', 'LB', 'LC', 'LI', 'LK', 'LR', 'LS', 'LT', 'LU', 'LV', 'MA', 'MC', 'MD', 'ME', 'MG', 'MH', 'MK', 'ML', 'MN', 'MO', 'MR', 'MT', 'MU', 'MV', 'MW', 'MX', 'MY', 'MZ', 'NA', 'NE', 'NG', 'NI', 'NL', 'NO', 'NP', 'NR', 'NZ', 'OM', 'PA', 'PE', 'PG', 'PH', 'PK', 'PL', 'PS', 'PT', 'PW', 'PY', 'QA', 'RO', 'RS', 'RU', 'RW', 'SA', 'SB', 'SC', 'SE', 'SG', 'SI', 'SK', 'SL', 'SM', 'SN', 'SR', 'ST', 'SV', 'SZ', 'TD', 'TG', 'TH', 'TL', 'TN', 'TO', 'TR', 'TT', 'TV', 'TW', 'TZ', 'UA', 'UG', 'US', 'UY', 'UZ', 'VC', 'VN', 'VU', 'WS', 'XK', 'ZA', 'ZM', 'ZW']",1,185853,False,{'isrc': 'GBAHS2100672'},{'spotify': 'https://open.spotify.com/track/5QYnNhTKsN3kE7OaqILA1U'},https://api.spotify.com/v1/tracks/5QYnNhTKsN3kE7OaqILA1U,5QYnNhTKsN3kE7OaqILA1U,False,First Times,77,https://p.scdn.co/mp3-preview/30aee656a486465a0b8b88c0847b7b51f62abff1?cid=33d8deeef1ab45eab51ced741d6bf2f4,3,track,spotify:track:5QYnNhTKsN3kE7OaqILA1U
3,"{'album_type': 'album', 'artists': [{'external_urls': {'spotify': 'https://open.spotify.com/artist/6eUKZXaKkcviH0Ku9w2n3V'}, 'href': 'https://api.spotify.com/v1/artists/6eUKZXaKkcviH0Ku9w2n3V', 'id': '6eUKZXaKkcviH0Ku9w2n3V', 'name': 'Ed Sheeran', 'type': 'artist', 'uri': 'spotify:artist:6eUKZXaKkcviH0Ku9w2n3V'}], 'available_markets': ['AD', 'AE', 'AG', 'AL', 'AM', 'AO', 'AR', 'AT', 'AU', 'AZ', 'BA', 'BB', 'BD', 'BE', 'BF', 'BG', 'BH', 'BI', 'BJ', 'BN', 'BO', 'BR', 'BS', 'BT', 'BW', 'BY', 'BZ', 'CA', 'CH', 'CI', 'CL', 'CM', 'CO', 'CR', 'CV', 'CW', 'CY', 'CZ', 'DE', 'DJ', 'DK', 'DM', 'DO', 'DZ', 'EC', 'EE', 'EG', 'ES', 'FI', 'FJ', 'FM', 'FR', 'GA', 'GB', 'GD', 'GE', 'GH', 'GM', 'GN', 'GQ', 'GR', 'GT', 'GW', 'GY', 'HK', 'HN', 'HR', 'HT', 'HU', 'ID', 'IE', 'IL', 'IN', 'IS', 'IT', 'JM', 'JO', 'JP', 'KE', 'KG', 'KH', 'KI', 'KM', 'KN', 'KR', 'KW', 'KZ', 'LA', 'LB', 'LC', 'LI', 'LK', 'LR', 'LS', 'LT', 'LU', 'LV', 'MA', 'MC', 'MD', 'ME', 'MG', 'MH', 'MK', 'ML', 'MN', 'MO', 'MR', 'MT', 'MU', 'MV', 'MW', 'MX', 'MY', 'MZ', 'NA', 'NE', 'NG', 'NI', 'NL', 'NO', 'NP', 'NR', 'NZ', 'OM', 'PA', 'PE', 'PG', 'PH', 'PK', 'PL', 'PS', 'PT', 'PW', 'PY', 'QA', 'RO', 'RS', 'RU', 'RW', 'SA', 'SB', 'SC', 'SE', 'SG', 'SI', 'SK', 'SL', 'SM', 'SN', 'SR', 'ST', 'SV', 'SZ', 'TD', 'TG', 'TH', 'TL', 'TN', 'TO', 'TR', 'TT', 'TV', 'TW', 'TZ', 'UA', 'UG', 'US', 'UY', 'UZ', 'VC', 'VN', 'VU', 'WS', 'XK', 'ZA', 'ZM', 'ZW'], 'external_urls': {'spotify': 'https://open.spotify.com/album/32iAEBstCjauDhyKpGjTuq'}, 'href': 'https://api.spotify.com/v1/albums/32iAEBstCjauDhyKpGjTuq', 'id': '32iAEBstCjauDhyKpGjTuq', 'images': [{'height': 640, 'url': 'https://i.scdn.co/image/ab67616d0000b273ef24c3fdbf856340d55cfeb2', 'width': 640}, {'height': 300, 'url': 'https://i.scdn.co/image/ab67616d00001e02ef24c3fdbf856340d55cfeb2', 'width': 300}, {'height': 64, 'url': 'https://i.scdn.co/image/ab67616d00004851ef24c3fdbf856340d55cfeb2', 'width': 64}], 'name': '=', 'release_date': '2021-10-29', 'release_date_precision': 'day', 'total_tracks': 14, 'type': 'album', 'uri': 'spotify:album:32iAEBstCjauDhyKpGjTuq'}","[{'external_urls': {'spotify': 'https://open.spotify.com/artist/6eUKZXaKkcviH0Ku9w2n3V'}, 'href': 'https://api.spotify.com/v1/artists/6eUKZXaKkcviH0Ku9w2n3V', 'id': '6eUKZXaKkcviH0Ku9w2n3V', 'name': 'Ed Sheeran', 'type': 'artist', 'uri': 'spotify:artist:6eUKZXaKkcviH0Ku9w2n3V'}]","['AD', 'AE', 'AG', 'AL', 'AM', 'AO', 'AR', 'AT', 'AU', 'AZ', 'BA', 'BB', 'BD', 'BE', 'BF', 'BG', 'BH', 'BI', 'BJ', 'BN', 'BO', 'BR', 'BS', 'BT', 'BW', 'BY', 'BZ', 'CA', 'CH', 'CI', 'CL', 'CM', 'CO', 'CR', 'CV', 'CW', 'CY', 'CZ', 'DE', 'DJ', 'DK', 'DM', 'DO', 'DZ', 'EC', 'EE', 'EG', 'ES', 'FI', 'FJ', 'FM', 'FR', 'GA', 'GB', 'GD', 'GE', 'GH', 'GM', 'GN', 'GQ', 'GR', 'GT', 'GW', 'GY', 'HK', 'HN', 'HR', 'HT', 'HU', 'ID', 'IE', 'IL', 'IN', 'IS', 'IT', 'JM', 'JO', 'JP', 'KE', 'KG', 'KH', 'KI', 'KM', 'KN', 'KR', 'KW', 'KZ', 'LA', 'LB', 'LC', 'LI', 'LK', 'LR', 'LS', 'LT', 'LU', 'LV', 'MA', 'MC', 'MD', 'ME', 'MG', 'MH', 'MK', 'ML', 'MN', 'MO', 'MR', 'MT', 'MU', 'MV', 'MW', 'MX', 'MY', 'MZ', 'NA', 'NE', 'NG', 'NI', 'NL', 'NO', 'NP', 'NR', 'NZ', 'OM', 'PA', 'PE', 'PG', 'PH', 'PK', 'PL', 'PS', 'PT', 'PW', 'PY', 'QA', 'RO', 'RS', 'RU', 'RW', 'SA', 'SB', 'SC', 'SE', 'SG', 'SI', 'SK', 'SL', 'SM', 'SN', 'SR', 'ST', 'SV', 'SZ', 'TD', 'TG', 'TH', 'TL', 'TN', 'TO', 'TR', 'TT', 'TV', 'TW', 'TZ', 'UA', 'UG', 'US', 'UY', 'UZ', 'VC', 'VN', 'VU', 'WS', 'XK', 'ZA', 'ZM', 'ZW']",1,230746,False,{'isrc': 'GBAHS2100318'},{'spotify': 'https://open.spotify.com/track/3rmo8F54jFF8OgYsqTxm5d'},https://api.spotify.com/v1/tracks/3rmo8F54jFF8OgYsqTxm5d,3rmo8F54jFF8OgYsqTxm5d,False,Bad Habits,74,https://p.scdn.co/mp3-preview/e0440ae1a5a38687fb54170742e9b83ebd33ddf3?cid=33d8deeef1ab45eab51ced741d6bf2f4,4,track,spotify:track:3rmo8F54jFF8OgYsqTxm5d
4,"{'album_type': 'album', 'artists': [{'external_urls': {'spotify': 'https://open.spotify.com/artist/6eUKZXaKkcviH0Ku9w2n3V'}, 'href': 'https://api.spotify.com/v1/artists/6eUKZXaKkcviH0Ku9w2n3V', 'id': '6eUKZXaKkcviH0Ku9w2n3V', 'name': 'Ed Sheeran', 'type': 'artist', 'uri': 'spotify:artist:6eUKZXaKkcviH0Ku9w2n3V'}], 'available_markets': ['AD', 'AE', 'AG', 'AL', 'AM', 'AO', 'AR', 'AT', 'AU', 'AZ', 'BA', 'BB', 'BD', 'BE', 'BF', 'BG', 'BH', 'BI', 'BJ', 'BN', 'BO', 'BR', 'BS', 'BT', 'BW', 'BY', 'BZ', 'CA', 'CH', 'CI', 'CL', 'CM', 'CO', 'CR', 'CV', 'CW', 'CY', 'CZ', 'DE', 'DJ', 'DK', 'DM', 'DO', 'DZ', 'EC', 'EE', 'EG', 'ES', 'FI', 'FJ', 'FM', 'FR', 'GA', 'GB', 'GD', 'GE', 'GH', 'GM', 'GN', 'GQ', 'GR', 'GT', 'GW', 'GY', 'HK', 'HN', 'HR', 'HT', 'HU', 'ID', 'IE', 'IL', 'IN', 'IS', 'IT', 'JM', 'JO', 'JP', 'KE', 'KG', 'KH', 'KI', 'KM', 'KN', 'KR', 'KW', 'KZ', 'LA', 'LB', 'LC', 'LI', 'LK', 'LR', 'LS', 'LT', 'LU', 'LV', 'MA', 'MC', 'MD', 'ME', 'MG', 'MH', 'MK', 'ML', 'MN', 'MO', 'MR', 'MT', 'MU', 'MV', 'MW', 'MX', 'MY', 'MZ', 'NA', 'NE', 'NG', 'NI', 'NL', 'NO', 'NP', 'NR', 'NZ', 'OM', 'PA', 'PE', 'PG', 'PH', 'PK', 'PL', 'PS', 'PT', 'PW', 'PY', 'QA', 'RO', 'RS', 'RU', 'RW', 'SA', 'SB', 'SC', 'SE', 'SG', 'SI', 'SK', 'SL', 'SM', 'SN', 'SR', 'ST', 'SV', 'SZ', 'TD', 'TG', 'TH', 'TL', 'TN', 'TO', 'TR', 'TT', 'TV', 'TW', 'TZ', 'UA', 'UG', 'US', 'UY', 'UZ', 'VC', 'VN', 'VU', 'WS', 'XK', 'ZA', 'ZM', 'ZW'], 'external_urls': {'spotify': 'https://open.spotify.com/album/32iAEBstCjauDhyKpGjTuq'}, 'href': 'https://api.spotify.com/v1/albums/32iAEBstCjauDhyKpGjTuq', 'id': '32iAEBstCjauDhyKpGjTuq', 'images': [{'height': 640, 'url': 'https://i.scdn.co/image/ab67616d0000b273ef24c3fdbf856340d55cfeb2', 'width': 640}, {'height': 300, 'url': 'https://i.scdn.co/image/ab67616d00001e02ef24c3fdbf856340d55cfeb2', 'width': 300}, {'height': 64, 'url': 'https://i.scdn.co/image/ab67616d00004851ef24c3fdbf856340d55cfeb2', 'width': 64}], 'name': '=', 'release_date': '2021-10-29', 'release_date_precision': 'day', 'total_tracks': 14, 'type': 'album', 'uri': 'spotify:album:32iAEBstCjauDhyKpGjTuq'}","[{'external_urls': {'spotify': 'https://open.spotify.com/artist/6eUKZXaKkcviH0Ku9w2n3V'}, 'href': 'https://api.spotify.com/v1/artists/6eUKZXaKkcviH0Ku9w2n3V', 'id': '6eUKZXaKkcviH0Ku9w2n3V', 'name': 'Ed Sheeran', 'type': 'artist', 'uri': 'spotify:artist:6eUKZXaKkcviH0Ku9w2n3V'}]","['AD', 'AE', 'AG', 'AL', 'AM', 'AO', 'AR', 'AT', 'AU', 'AZ', 'BA', 'BB', 'BD', 'BE', 'BF', 'BG', 'BH', 'BI', 'BJ', 'BN', 'BO', 'BR', 'BS', 'BT', 'BW', 'BY', 'BZ', 'CA', 'CH', 'CI', 'CL', 'CM', 'CO', 'CR', 'CV', 'CW', 'CY', 'CZ', 'DE', 'DJ', 'DK', 'DM', 'DO', 'DZ', 'EC', 'EE', 'EG', 'ES', 'FI', 'FJ', 'FM', 'FR', 'GA', 'GB', 'GD', 'GE', 'GH', 'GM', 'GN', 'GQ', 'GR', 'GT', 'GW', 'GY', 'HK', 'HN', 'HR', 'HT', 'HU', 'ID', 'IE', 'IL', 'IN', 'IS', 'IT', 'JM', 'JO', 'JP', 'KE', 'KG', 'KH', 'KI', 'KM', 'KN', 'KR', 'KW', 'KZ', 'LA', 'LB', 'LC', 'LI', 'LK', 'LR', 'LS', 'LT', 'LU', 'LV', 'MA', 'MC', 'MD', 'ME', 'MG', 'MH', 'MK', 'ML', 'MN', 'MO', 'MR', 'MT', 'MU', 'MV', 'MW', 'MX', 'MY', 'MZ', 'NA', 'NE', 'NG', 'NI', 'NL', 'NO', 'NP', 'NR', 'NZ', 'OM', 'PA', 'PE', 'PG', 'PH', 'PK', 'PL', 'PS', 'PT', 'PW', 'PY', 'QA', 'RO', 'RS', 'RU', 'RW', 'SA', 'SB', 'SC', 'SE', 'SG', 'SI', 'SK', 'SL', 'SM', 'SN', 'SR', 'ST', 'SV', 'SZ', 'TD', 'TG', 'TH', 'TL', 'TN', 'TO', 'TR', 'TT', 'TV', 'TW', 'TZ', 'UA', 'UG', 'US', 'UY', 'UZ', 'VC', 'VN', 'VU', 'WS', 'XK', 'ZA', 'ZM', 'ZW']",1,236906,False,{'isrc': 'GBAHS2100673'},{'spotify': 'https://open.spotify.com/track/4btFHqumCO31GksfuBLLv3'},https://api.spotify.com/v1/tracks/4btFHqumCO31GksfuBLLv3,4btFHqumCO31GksfuBLLv3,False,Overpass Graffiti,82,https://p.scdn.co/mp3-preview/fde3dbd32ba9483e8554dcf9d5d049d0a37b919c?cid=33d8deeef1ab45eab51ced741d6bf2f4,5,track,spotify:track:4btFHqumCO31GksfuBLLv3
5,"{'album_type': 'album', 'artists': [{'external_urls': {'spotify': 'https://open.spotify.com/artist/6eUKZXaKkcviH0Ku9w2n3V'}, 'href': 'https://api.spotify.com/v1/artists/6eUKZXaKkcviH0Ku9w2n3V', 'id': '6eUKZXaKkcviH0Ku9w2n3V', 'name': 'Ed Sheeran', 'type': 'artist', 'uri': 'spotify:artist:6eUKZXaKkcviH0Ku9w2n3V'}], 'available_markets': ['AD', 'AE', 'AG', 'AL', 'AM', 'AO', 'AR', 'AT', 'AU', 'AZ', 'BA', 'BB', 'BD', 'BE', 'BF', 'BG', 'BH', 'BI', 'BJ', 'BN', 'BO', 'BR', 'BS', 'BT', 'BW', 'BY', 'BZ', 'CA', 'CH', 'CI', 'CL', 'CM', 'CO', 'CR', 'CV', 'CW', 'CY', 'CZ', 'DE', 'DJ', 'DK', 'DM', 'DO', 'DZ', 'EC', 'EE', 'EG', 'ES', 'FI', 'FJ', 'FM', 'FR', 'GA', 'GB', 'GD', 'GE', 'GH', 'GM', 'GN', 'GQ', 'GR', 'GT', 'GW', 'GY', 'HK', 'HN', 'HR', 'HT', 'HU', 'ID', 'IE', 'IL', 'IN', 'IS', 'IT', 'JM', 'JO', 'JP', 'KE', 'KG', 'KH', 'KI', 'KM', 'KN', 'KR', 'KW', 'KZ', 'LA', 'LB', 'LC', 'LI', 'LK', 'LR', 'LS', 'LT', 'LU', 'LV', 'MA', 'MC', 'MD', 'ME', 'MG', 'MH', 'MK', 'ML', 'MN', 'MO', 'MR', 'MT', 'MU', 'MV', 'MW', 'MX', 'MY', 'MZ', 'NA', 'NE', 'NG', 'NI', 'NL', 'NO', 'NP', 'NR', 'NZ', 'OM', 'PA', 'PE', 'PG', 'PH', 'PK', 'PL', 'PS', 'PT', 'PW', 'PY', 'QA', 'RO', 'RS', 'RU', 'RW', 'SA', 'SB', 'SC', 'SE', 'SG', 'SI', 'SK', 'SL', 'SM', 'SN', 'SR', 'ST', 'SV', 'SZ', 'TD', 'TG', 'TH', 'TL', 'TN', 'TO', 'TR', 'TT', 'TV', 'TW', 'TZ', 'UA', 'UG', 'US', 'UY', 'UZ', 'VC', 'VN', 'VU', 'WS', 'XK', 'ZA', 'ZM', 'ZW'], 'external_urls': {'spotify': 'https://open.spotify.com/album/32iAEBstCjauDhyKpGjTuq'}, 'href': 'https://api.spotify.com/v1/albums/32iAEBstCjauDhyKpGjTuq', 'id': '32iAEBstCjauDhyKpGjTuq', 'images': [{'height': 640, 'url': 'https://i.scdn.co/image/ab67616d0000b273ef24c3fdbf856340d55cfeb2', 'width': 640}, {'height': 300, 'url': 'https://i.scdn.co/image/ab67616d00001e02ef24c3fdbf856340d55cfeb2', 'width': 300}, {'height': 64, 'url': 'https://i.scdn.co/image/ab67616d00004851ef24c3fdbf856340d55cfeb2', 'width': 64}], 'name': '=', 'release_date': '2021-10-29', 'release_date_precision': 'day', 'total_tracks': 14, 'type': 'album', 'uri': 'spotify:album:32iAEBstCjauDhyKpGjTuq'}","[{'external_urls': {'spotify': 'https://open.spotify.com/artist/6eUKZXaKkcviH0Ku9w2n3V'}, 'href': 'https://api.spotify.com/v1/artists/6eUKZXaKkcviH0Ku9w2n3V', 'id': '6eUKZXaKkcviH0Ku9w2n3V', 'name': 'Ed Sheeran', 'type': 'artist', 'uri': 'spotify:artist:6eUKZXaKkcviH0Ku9w2n3V'}]","['AD', 'AE', 'AG', 'AL', 'AM', 'AO', 'AR', 'AT', 'AU', 'AZ', 'BA', 'BB', 'BD', 'BE', 'BF', 'BG', 'BH', 'BI', 'BJ', 'BN', 'BO', 'BR', 'BS', 'BT', 'BW', 'BY', 'BZ', 'CA', 'CH', 'CI', 'CL', 'CM', 'CO', 'CR', 'CV', 'CW', 'CY', 'CZ', 'DE', 'DJ', 'DK', 'DM', 'DO', 'DZ', 'EC', 'EE', 'EG', 'ES', 'FI', 'FJ', 'FM', 'FR', 'GA', 'GB', 'GD', 'GE', 'GH', 'GM', 'GN', 'GQ', 'GR', 'GT', 'GW', 'GY', 'HK', 'HN', 'HR', 'HT', 'HU', 'ID', 'IE', 'IL', 'IN', 'IS', 'IT', 'JM', 'JO', 'JP', 'KE', 'KG', 'KH', 'KI', 'KM', 'KN', 'KR', 'KW', 'KZ', 'LA', 'LB', 'LC', 'LI', 'LK', 'LR', 'LS', 'LT', 'LU', 'LV', 'MA', 'MC', 'MD', 'ME', 'MG', 'MH', 'MK', 'ML', 'MN', 'MO', 'MR', 'MT', 'MU', 'MV', 'MW', 'MX', 'MY', 'MZ', 'NA', 'NE', 'NG', 'NI', 'NL', 'NO', 'NP', 'NR', 'NZ', 'OM', 'PA', 'PE', 'PG', 'PH', 'PK', 'PL', 'PS', 'PT', 'PW', 'PY', 'QA', 'RO', 'RS', 'RU', 'RW', 'SA', 'SB', 'SC', 'SE', 'SG', 'SI', 'SK', 'SL', 'SM', 'SN', 'SR', 'ST', 'SV', 'SZ', 'TD', 'TG', 'TH', 'TL', 'TN', 'TO', 'TR', 'TT', 'TV', 'TW', 'TZ', 'UA', 'UG', 'US', 'UY', 'UZ', 'VC', 'VN', 'VU', 'WS', 'XK', 'ZA', 'ZM', 'ZW']",1,185586,False,{'isrc': 'GBAHS2100674'},{'spotify': 'https://open.spotify.com/track/3NuLxTXowTRcguTh9RsPmM'},https://api.spotify.com/v1/tracks/3NuLxTXowTRcguTh9RsPmM,3NuLxTXowTRcguTh9RsPmM,False,The Joker And The Queen,75,https://p.scdn.co/mp3-preview/97fa94745c5913a72b07325f975a63f70cc2f9e8?cid=33d8deeef1ab45eab51ced741d6bf2f4,6,track,spotify:track:3NuLxTXowTRcguTh9RsPmM
6,"{'album_type': 'album', 'artists': [{'external_urls': {'spotify': 'https://open.spotify.com/artist/6eUKZXaKkcviH0Ku9w2n3V'}, 'href': 'https://api.spotify.com/v1/artists/6eUKZXaKkcviH0Ku9w2n3V', 'id': '6eUKZXaKkcviH0Ku9w2n3V', 'name': 'Ed Sheeran', 'type': 'artist', 'uri': 'spotify:artist:6eUKZXaKkcviH0Ku9w2n3V'}], 'available_markets': ['AD', 'AE', 'AG', 'AL', 'AM', 'AO', 'AR', 'AT', 'AU', 'AZ', 'BA', 'BB', 'BD', 'BE', 'BF', 'BG', 'BH', 'BI', 'BJ', 'BN', 'BO', 'BR', 'BS', 'BT', 'BW', 'BY', 'BZ', 'CA', 'CH', 'CI', 'CL', 'CM', 'CO', 'CR', 'CV', 'CW', 'CY', 'CZ', 'DE', 'DJ', 'DK', 'DM', 'DO', 'DZ', 'EC', 'EE', 'EG', 'ES', 'FI', 'FJ', 'FM', 'FR', 'GA', 'GB', 'GD', 'GE', 'GH', 'GM', 'GN', 'GQ', 'GR', 'GT', 'GW', 'GY', 'HK', 'HN', 'HR', 'HT', 'HU', 'ID', 'IE', 'IL', 'IN', 'IS', 'IT', 'JM', 'JO', 'JP', 'KE', 'KG', 'KH', 'KI', 'KM', 'KN', 'KR', 'KW', 'KZ', 'LA', 'LB', 'LC', 'LI', 'LK', 'LR', 'LS', 'LT', 'LU', 'LV', 'MA', 'MC', 'MD', 'ME', 'MG', 'MH', 'MK', 'ML', 'MN', 'MO', 'MR', 'MT', 'MU', 'MV', 'MW', 'MX', 'MY', 'MZ', 'NA', 'NE', 'NG', 'NI', 'NL', 'NO', 'NP', 'NR', 'NZ', 'OM', 'PA', 'PE', 'PG', 'PH', 'PK', 'PL', 'PS', 'PT', 'PW', 'PY', 'QA', 'RO', 'RS', 'RU', 'RW', 'SA', 'SB', 'SC', 'SE', 'SG', 'SI', 'SK', 'SL', 'SM', 'SN', 'SR', 'ST', 'SV', 'SZ', 'TD', 'TG', 'TH', 'TL', 'TN', 'TO', 'TR', 'TT', 'TV', 'TW', 'TZ', 'UA', 'UG', 'US', 'UY', 'UZ', 'VC', 'VN', 'VU', 'WS', 'XK', 'ZA', 'ZM', 'ZW'], 'external_urls': {'spotify': 'https://open.spotify.com/album/32iAEBstCjauDhyKpGjTuq'}, 'href': 'https://api.spotify.com/v1/albums/32iAEBstCjauDhyKpGjTuq', 'id': '32iAEBstCjauDhyKpGjTuq', 'images': [{'height': 640, 'url': 'https://i.scdn.co/image/ab67616d0000b273ef24c3fdbf856340d55cfeb2', 'width': 640}, {'height': 300, 'url': 'https://i.scdn.co/image/ab67616d00001e02ef24c3fdbf856340d55cfeb2', 'width': 300}, {'height': 64, 'url': 'https://i.scdn.co/image/ab67616d00004851ef24c3fdbf856340d55cfeb2', 'width': 64}], 'name': '=', 'release_date': '2021-10-29', 'release_date_precision': 'day', 'total_tracks': 14, 'type': 'album', 'uri': 'spotify:album:32iAEBstCjauDhyKpGjTuq'}","[{'external_urls': {'spotify': 'https://open.spotify.com/artist/6eUKZXaKkcviH0Ku9w2n3V'}, 'href': 'https://api.spotify.com/v1/artists/6eUKZXaKkcviH0Ku9w2n3V', 'id': '6eUKZXaKkcviH0Ku9w2n3V', 'name': 'Ed Sheeran', 'type': 'artist', 'uri': 'spotify:artist:6eUKZXaKkcviH0Ku9w2n3V'}]","['AD', 'AE', 'AG', 'AL', 'AM', 'AO', 'AR', 'AT', 'AU', 'AZ', 'BA', 'BB', 'BD', 'BE', 'BF', 'BG', 'BH', 'BI', 'BJ', 'BN', 'BO', 'BR', 'BS', 'BT', 'BW', 'BY', 'BZ', 'CA', 'CH', 'CI', 'CL', 'CM', 'CO', 'CR', 'CV', 'CW', 'CY', 'CZ', 'DE', 'DJ', 'DK', 'DM', 'DO', 'DZ', 'EC', 'EE', 'EG', 'ES', 'FI', 'FJ', 'FM', 'FR', 'GA', 'GB', 'GD', 'GE', 'GH', 'GM', 'GN', 'GQ', 'GR', 'GT', 'GW', 'GY', 'HK', 'HN', 'HR', 'HT', 'HU', 'ID', 'IE', 'IL', 'IN', 'IS', 'IT', 'JM', 'JO', 'JP', 'KE', 'KG', 'KH', 'KI', 'KM', 'KN', 'KR', 'KW', 'KZ', 'LA', 'LB', 'LC', 'LI', 'LK', 'LR', 'LS', 'LT', 'LU', 'LV', 'MA', 'MC', 'MD', 'ME', 'MG', 'MH', 'MK', 'ML', 'MN', 'MO', 'MR', 'MT', 'MU', 'MV', 'MW', 'MX', 'MY', 'MZ', 'NA', 'NE', 'NG', 'NI', 'NL', 'NO', 'NP', 'NR', 'NZ', 'OM', 'PA', 'PE', 'PG', 'PH', 'PK', 'PL', 'PS', 'PT', 'PW', 'PY', 'QA', 'RO', 'RS', 'RU', 'RW', 'SA', 'SB', 'SC', 'SE', 'SG', 'SI', 'SK', 'SL', 'SM', 'SN', 'SR', 'ST', 'SV', 'SZ', 'TD', 'TG', 'TH', 'TL', 'TN', 'TO', 'TR', 'TT', 'TV', 'TW', 'TZ', 'UA', 'UG', 'US', 'UY', 'UZ', 'VC', 'VN', 'VU', 'WS', 'XK', 'ZA', 'ZM', 'ZW']",1,223866,False,{'isrc': 'GBAHS2100675'},{'spotify': 'https://open.spotify.com/track/0YbI9lWxUBsCJLb6EBydkr'},https://api.spotify.com/v1/tracks/0YbI9lWxUBsCJLb6EBydkr,0YbI9lWxUBsCJLb6EBydkr,False,Leave Your Life,74,https://p.scdn.co/mp3-preview/2e5f126081c3d7efd43d5e3d201720a87f65fb52?cid=33d8deeef1ab45eab51ced741d6bf2f4,7,track,spotify:track:0YbI9lWxUBsCJLb6EBydkr
7,"{'album_type': 'album', 'artists': [{'external_urls': {'spotify': 'https://open.spotify.com/artist/6eUKZXaKkcviH0Ku9w2n3V'}, 'href': 'https://api.spotify.com/v1/artists/6eUKZXaKkcviH0Ku9w2n3V', 'id': '6eUKZXaKkcviH0Ku9w2n3V', 'name': 'Ed Sheeran', 'type': 'artist', 'uri': 'spotify:artist:6eUKZXaKkcviH0Ku9w2n3V'}], 'available_markets': ['AD', 'AE', 'AG', 'AL', 'AM', 'AO', 'AR', 'AT', 'AU', 'AZ', 'BA', 'BB', 'BD', 'BE', 'BF', 'BG', 'BH', 'BI', 'BJ', 'BN', 'BO', 'BR', 'BS', 'BT', 'BW', 'BY', 'BZ', 'CA', 'CH', 'CI', 'CL', 'CM', 'CO', 'CR', 'CV', 'CW', 'CY', 'CZ', 'DE', 'DJ', 'DK', 'DM', 'DO', 'DZ', 'EC', 'EE', 'EG', 'ES', 'FI', 'FJ', 'FM', 'FR', 'GA', 'GB', 'GD', 'GE', 'GH', 'GM', 'GN', 'GQ', 'GR', 'GT', 'GW', 'GY', 'HK', 'HN', 'HR', 'HT', 'HU', 'ID', 'IE', 'IL', 'IN', 'IS', 'IT', 'JM', 'JO', 'JP', 'KE', 'KG', 'KH', 'KI', 'KM', 'KN', 'KR', 'KW', 'KZ', 'LA', 'LB', 'LC', 'LI', 'LK', 'LR', 'LS', 'LT', 'LU', 'LV', 'MA', 'MC', 'MD', 'ME', 'MG', 'MH', 'MK', 'ML', 'MN', 'MO', 'MR', 'MT', 'MU', 'MV', 'MW', 'MX', 'MY', 'MZ', 'NA', 'NE', 'NG', 'NI', 'NL', 'NO', 'NP', 'NR', 'NZ', 'OM', 'PA', 'PE', 'PG', 'PH', 'PK', 'PL', 'PS', 'PT', 'PW', 'PY', 'QA', 'RO', 'RS', 'RU', 'RW', 'SA', 'SB', 'SC', 'SE', 'SG', 'SI', 'SK', 'SL', 'SM', 'SN', 'SR', 'ST', 'SV', 'SZ', 'TD', 'TG', 'TH', 'TL', 'TN', 'TO', 'TR', 'TT', 'TV', 'TW', 'TZ', 'UA', 'UG', 'US', 'UY', 'UZ', 'VC', 'VN', 'VU', 'WS', 'XK', 'ZA', 'ZM', 'ZW'], 'external_urls': {'spotify': 'https://open.spotify.com/album/32iAEBstCjauDhyKpGjTuq'}, 'href': 'https://api.spotify.com/v1/albums/32iAEBstCjauDhyKpGjTuq', 'id': '32iAEBstCjauDhyKpGjTuq', 'images': [{'height': 640, 'url': 'https://i.scdn.co/image/ab67616d0000b273ef24c3fdbf856340d55cfeb2', 'width': 640}, {'height': 300, 'url': 'https://i.scdn.co/image/ab67616d00001e02ef24c3fdbf856340d55cfeb2', 'width': 300}, {'height': 64, 'url': 'https://i.scdn.co/image/ab67616d00004851ef24c3fdbf856340d55cfeb2', 'width': 64}], 'name': '=', 'release_date': '2021-10-29', 'release_date_precision': 'day', 'total_tracks': 14, 'type': 'album', 'uri': 'spotify:album:32iAEBstCjauDhyKpGjTuq'}","[{'external_urls': {'spotify': 'https://open.spotify.com/artist/6eUKZXaKkcviH0Ku9w2n3V'}, 'href': 'https://api.spotify.com/v1/artists/6eUKZXaKkcviH0Ku9w2n3V', 'id': '6eUKZXaKkcviH0Ku9w2n3V', 'name': 'Ed Sheeran', 'type': 'artist', 'uri': 'spotify:artist:6eUKZXaKkcviH0Ku9w2n3V'}]","['AD', 'AE', 'AG', 'AL', 'AM', 'AO', 'AR', 'AT', 'AU', 'AZ', 'BA', 'BB', 'BD', 'BE', 'BF', 'BG', 'BH', 'BI', 'BJ', 'BN', 'BO', 'BR', 'BS', 'BT', 'BW', 'BY', 'BZ', 'CA', 'CH', 'CI', 'CL', 'CM', 'CO', 'CR', 'CV', 'CW', 'CY', 'CZ', 'DE', 'DJ', 'DK', 'DM', 'DO', 'DZ', 'EC', 'EE', 'EG', 'ES', 'FI', 'FJ', 'FM', 'FR', 'GA', 'GB', 'GD', 'GE', 'GH', 'GM', 'GN', 'GQ', 'GR', 'GT', 'GW', 'GY', 'HK', 'HN', 'HR', 'HT', 'HU', 'ID', 'IE', 'IL', 'IN', 'IS', 'IT', 'JM', 'JO', 'JP', 'KE', 'KG', 'KH', 'KI', 'KM', 'KN', 'KR', 'KW', 'KZ', 'LA', 'LB', 'LC', 'LI', 'LK', 'LR', 'LS', 'LT', 'LU', 'LV', 'MA', 'MC', 'MD', 'ME', 'MG', 'MH', 'MK', 'ML', 'MN', 'MO', 'MR', 'MT', 'MU', 'MV', 'MW', 'MX', 'MY', 'MZ', 'NA', 'NE', 'NG', 'NI', 'NL', 'NO', 'NP', 'NR', 'NZ', 'OM', 'PA', 'PE', 'PG', 'PH', 'PK', 'PL', 'PS', 'PT', 'PW', 'PY', 'QA', 'RO', 'RS', 'RU', 'RW', 'SA', 'SB', 'SC', 'SE', 'SG', 'SI', 'SK', 'SL', 'SM', 'SN', 'SR', 'ST', 'SV', 'SZ', 'TD', 'TG', 'TH', 'TL', 'TN', 'TO', 'TR', 'TT', 'TV', 'TW', 'TZ', 'UA', 'UG', 'US', 'UY', 'UZ', 'VC', 'VN', 'VU', 'WS', 'XK', 'ZA', 'ZM', 'ZW']",1,210213,False,{'isrc': 'GBAHS2100676'},{'spotify': 'https://open.spotify.com/track/5sv0WnUs74Orn6GoPmC5im'},https://api.spotify.com/v1/tracks/5sv0WnUs74Orn6GoPmC5im,5sv0WnUs74Orn6GoPmC5im,False,Collide,74,https://p.scdn.co/mp3-preview/2d8d560bad10212dab3942872cb29b33acdf23aa?cid=33d8deeef1ab45eab51ced741d6bf2f4,8,track,spotify:track:5sv0WnUs74Orn6GoPmC5im
8,"{'album_type': 'album', 'artists': [{'external_urls': {'spotify': 'https://open.spotify.com/artist/6eUKZXaKkcviH0Ku9w2n3V'}, 'href': 'https://api.spotify.com/v1/artists/6eUKZXaKkcviH0Ku9w2n3V', 'id': '6eUKZXaKkcviH0Ku9w2n3V', 'name': 'Ed Sheeran', 'type': 'artist', 'uri': 'spotify:artist:6eUKZXaKkcviH0Ku9w2n3V'}], 'available_markets': ['AD', 'AE', 'AG', 'AL', 'AM', 'AO', 'AR', 'AT', 'AU', 'AZ', 'BA', 'BB', 'BD', 'BE', 'BF', 'BG', 'BH', 'BI', 'BJ', 'BN', 'BO', 'BR', 'BS', 'BT', 'BW', 'BY', 'BZ', 'CA', 'CH', 'CI', 'CL', 'CM', 'CO', 'CR', 'CV', 'CW', 'CY', 'CZ', 'DE', 'DJ', 'DK', 'DM', 'DO', 'DZ', 'EC', 'EE', 'EG', 'ES', 'FI', 'FJ', 'FM', 'FR', 'GA', 'GB', 'GD', 'GE', 'GH', 'GM', 'GN', 'GQ', 'GR', 'GT', 'GW', 'GY', 'HK', 'HN', 'HR', 'HT', 'HU', 'ID', 'IE', 'IL', 'IN', 'IS', 'IT', 'JM', 'JO', 'JP', 'KE', 'KG', 'KH', 'KI', 'KM', 'KN', 'KR', 'KW', 'KZ', 'LA', 'LB', 'LC', 'LI', 'LK', 'LR', 'LS', 'LT', 'LU', 'LV', 'MA', 'MC', 'MD', 'ME', 'MG', 'MH', 'MK', 'ML', 'MN', 'MO', 'MR', 'MT', 'MU', 'MV', 'MW', 'MX', 'MY', 'MZ', 'NA', 'NE', 'NG', 'NI', 'NL', 'NO', 'NP', 'NR', 'NZ', 'OM', 'PA', 'PE', 'PG', 'PH', 'PK', 'PL', 'PS', 'PT', 'PW', 'PY', 'QA', 'RO', 'RS', 'RU', 'RW', 'SA', 'SB', 'SC', 'SE', 'SG', 'SI', 'SK', 'SL', 'SM', 'SN', 'SR', 'ST', 'SV', 'SZ', 'TD', 'TG', 'TH', 'TL', 'TN', 'TO', 'TR', 'TT', 'TV', 'TW', 'TZ', 'UA', 'UG', 'US', 'UY', 'UZ', 'VC', 'VN', 'VU', 'WS', 'XK', 'ZA', 'ZM', 'ZW'], 'external_urls': {'spotify': 'https://open.spotify.com/album/32iAEBstCjauDhyKpGjTuq'}, 'href': 'https://api.spotify.com/v1/albums/32iAEBstCjauDhyKpGjTuq', 'id': '32iAEBstCjauDhyKpGjTuq', 'images': [{'height': 640, 'url': 'https://i.scdn.co/image/ab67616d0000b273ef24c3fdbf856340d55cfeb2', 'width': 640}, {'height': 300, 'url': 'https://i.scdn.co/image/ab67616d00001e02ef24c3fdbf856340d55cfeb2', 'width': 300}, {'height': 64, 'url': 'https://i.scdn.co/image/ab67616d00004851ef24c3fdbf856340d55cfeb2', 'width': 64}], 'name': '=', 'release_date': '2021-10-29', 'release_date_precision': 'day', 'total_tracks': 14, 'type': 'album', 'uri': 'spotify:album:32iAEBstCjauDhyKpGjTuq'}","[{'external_urls': {'spotify': 'https://open.spotify.com/artist/6eUKZXaKkcviH0Ku9w2n3V'}, 'href': 'https://api.spotify.com/v1/artists/6eUKZXaKkcviH0Ku9w2n3V', 'id': '6eUKZXaKkcviH0Ku9w2n3V', 'name': 'Ed Sheeran', 'type': 'artist', 'uri': 'spotify:artist:6eUKZXaKkcviH0Ku9w2n3V'}]","['AD', 'AE', 'AG', 'AL', 'AM', 'AO', 'AR', 'AT', 'AU', 'AZ', 'BA', 'BB', 'BD', 'BE', 'BF', 'BG', 'BH', 'BI', 'BJ', 'BN', 'BO', 'BR', 'BS', 'BT', 'BW', 'BY', 'BZ', 'CA', 'CH', 'CI', 'CL', 'CM', 'CO', 'CR', 'CV', 'CW', 'CY', 'CZ', 'DE', 'DJ', 'DK', 'DM', 'DO', 'DZ', 'EC', 'EE', 'EG', 'ES', 'FI', 'FJ', 'FM', 'FR', 'GA', 'GB', 'GD', 'GE', 'GH', 'GM', 'GN', 'GQ', 'GR', 'GT', 'GW', 'GY', 'HK', 'HN', 'HR', 'HT', 'HU', 'ID', 'IE', 'IL', 'IN', 'IS', 'IT', 'JM', 'JO', 'JP', 'KE', 'KG', 'KH', 'KI', 'KM', 'KN', 'KR', 'KW', 'KZ', 'LA', 'LB', 'LC', 'LI', 'LK', 'LR', 'LS', 'LT', 'LU', 'LV', 'MA', 'MC', 'MD', 'ME', 'MG', 'MH', 'MK', 'ML', 'MN', 'MO', 'MR', 'MT', 'MU', 'MV', 'MW', 'MX', 'MY', 'MZ', 'NA', 'NE', 'NG', 'NI', 'NL', 'NO', 'NP', 'NR', 'NZ', 'OM', 'PA', 'PE', 'PG', 'PH', 'PK', 'PL', 'PS', 'PT', 'PW', 'PY', 'QA', 'RO', 'RS', 'RU', 'RW', 'SA', 'SB', 'SC', 'SE', 'SG', 'SI', 'SK', 'SL', 'SM', 'SN', 'SR', 'ST', 'SV', 'SZ', 'TD', 'TG', 'TH', 'TL', 'TN', 'TO', 'TR', 'TT', 'TV', 'TW', 'TZ', 'UA', 'UG', 'US', 'UY', 'UZ', 'VC', 'VN', 'VU', 'WS', 'XK', 'ZA', 'ZM', 'ZW']",1,153626,False,{'isrc': 'GBAHS2100677'},{'spotify': 'https://open.spotify.com/track/2SUxn2O9NHL6GHGQFgwCY0'},https://api.spotify.com/v1/tracks/2SUxn2O9NHL6GHGQFgwCY0,2SUxn2O9NHL6GHGQFgwCY0,False,2step,76,https://p.scdn.co/mp3-preview/3f756c16fc4afc7bb1e5f1ce415e55c1766ef9d6?cid=33d8deeef1ab45eab51ced741d6bf2f4,9,track,spotify:track:2SUxn2O9NHL6GHGQFgwCY0
9,"{'album_type': 'album', 'artists': [{'external_urls': {'spotify': 'https://open.spotify.com/artist/6eUKZXaKkcviH0Ku9w2n3V'}, 'href': 'https://api.spotify.com/v1/artists/6eUKZXaKkcviH0Ku9w2n3V', 'id': '6eUKZXaKkcviH0Ku9w2n3V', 'name': 'Ed Sheeran', 'type': 'artist', 'uri': 'spotify:artist:6eUKZXaKkcviH0Ku9w2n3V'}], 'available_markets': ['AD', 'AE', 'AG', 'AL', 'AM', 'AO', 'AR', 'AT', 'AU', 'AZ', 'BA', 'BB', 'BD', 'BE', 'BF', 'BG', 'BH', 'BI', 'BJ', 'BN', 'BO', 'BR', 'BS', 'BT', 'BW', 'BY', 'BZ', 'CA', 'CH', 'CI', 'CL', 'CM', 'CO', 'CR', 'CV', 'CW', 'CY', 'CZ', 'DE', 'DJ', 'DK', 'DM', 'DO', 'DZ', 'EC', 'EE', 'EG', 'ES', 'FI', 'FJ', 'FM', 'FR', 'GA', 'GB', 'GD', 'GE', 'GH', 'GM', 'GN', 'GQ', 'GR', 'GT', 'GW', 'GY', 'HK', 'HN', 'HR', 'HT', 'HU', 'ID', 'IE', 'IL', 'IN', 'IS', 'IT', 'JM', 'JO', 'JP', 'KE', 'KG', 'KH', 'KI', 'KM', 'KN', 'KR', 'KW', 'KZ', 'LA', 'LB', 'LC', 'LI', 'LK', 'LR', 'LS', 'LT', 'LU', 'LV', 'MA', 'MC', 'MD', 'ME', 'MG', 'MH', 'MK', 'ML', 'MN', 'MO', 'MR', 'MT', 'MU', 'MV', 'MW', 'MX', 'MY', 'MZ', 'NA', 'NE', 'NG', 'NI', 'NL', 'NO', 'NP', 'NR', 'NZ', 'OM', 'PA', 'PE', 'PG', 'PH', 'PK', 'PL', 'PS', 'PT', 'PW', 'PY', 'QA', 'RO', 'RS', 'RU', 'RW', 'SA', 'SB', 'SC', 'SE', 'SG', 'SI', 'SK', 'SL', 'SM', 'SN', 'SR', 'ST', 'SV', 'SZ', 'TD', 'TG', 'TH', 'TL', 'TN', 'TO', 'TR', 'TT', 'TV', 'TW', 'TZ', 'UA', 'UG', 'US', 'UY', 'UZ', 'VC', 'VN', 'VU', 'WS', 'XK', 'ZA', 'ZM', 'ZW'], 'external_urls': {'spotify': 'https://open.spotify.com/album/32iAEBstCjauDhyKpGjTuq'}, 'href': 'https://api.spotify.com/v1/albums/32iAEBstCjauDhyKpGjTuq', 'id': '32iAEBstCjauDhyKpGjTuq', 'images': [{'height': 640, 'url': 'https://i.scdn.co/image/ab67616d0000b273ef24c3fdbf856340d55cfeb2', 'width': 640}, {'height': 300, 'url': 'https://i.scdn.co/image/ab67616d00001e02ef24c3fdbf856340d55cfeb2', 'width': 300}, {'height': 64, 'url': 'https://i.scdn.co/image/ab67616d00004851ef24c3fdbf856340d55cfeb2', 'width': 64}], 'name': '=', 'release_date': '2021-10-29', 'release_date_precision': 'day', 'total_tracks': 14, 'type': 'album', 'uri': 'spotify:album:32iAEBstCjauDhyKpGjTuq'}","[{'external_urls': {'spotify': 'https://open.spotify.com/artist/6eUKZXaKkcviH0Ku9w2n3V'}, 'href': 'https://api.spotify.com/v1/artists/6eUKZXaKkcviH0Ku9w2n3V', 'id': '6eUKZXaKkcviH0Ku9w2n3V', 'name': 'Ed Sheeran', 'type': 'artist', 'uri': 'spotify:artist:6eUKZXaKkcviH0Ku9w2n3V'}]","['AD', 'AE', 'AG', 'AL', 'AM', 'AO', 'AR', 'AT', 'AU', 'AZ', 'BA', 'BB', 'BD', 'BE', 'BF', 'BG', 'BH', 'BI', 'BJ', 'BN', 'BO', 'BR', 'BS', 'BT', 'BW', 'BY', 'BZ', 'CA', 'CH', 'CI', 'CL', 'CM', 'CO', 'CR', 'CV', 'CW', 'CY', 'CZ', 'DE', 'DJ', 'DK', 'DM', 'DO', 'DZ', 'EC', 'EE', 'EG', 'ES', 'FI', 'FJ', 'FM', 'FR', 'GA', 'GB', 'GD', 'GE', 'GH', 'GM', 'GN', 'GQ', 'GR', 'GT', 'GW', 'GY', 'HK', 'HN', 'HR', 'HT', 'HU', 'ID', 'IE', 'IL', 'IN', 'IS', 'IT', 'JM', 'JO', 'JP', 'KE', 'KG', 'KH', 'KI', 'KM', 'KN', 'KR', 'KW', 'KZ', 'LA', 'LB', 'LC', 'LI', 'LK', 'LR', 'LS', 'LT', 'LU', 'LV', 'MA', 'MC', 'MD', 'ME', 'MG', 'MH', 'MK', 'ML', 'MN', 'MO', 'MR', 'MT', 'MU', 'MV', 'MW', 'MX', 'MY', 'MZ', 'NA', 'NE', 'NG', 'NI', 'NL', 'NO', 'NP', 'NR', 'NZ', 'OM', 'PA', 'PE', 'PG', 'PH', 'PK', 'PL', 'PS', 'PT', 'PW', 'PY', 'QA', 'RO', 'RS', 'RU', 'RW', 'SA', 'SB', 'SC', 'SE', 'SG', 'SI', 'SK', 'SL', 'SM', 'SN', 'SR', 'ST', 'SV', 'SZ', 'TD', 'TG', 'TH', 'TL', 'TN', 'TO', 'TR', 'TT', 'TV', 'TW', 'TZ', 'UA', 'UG', 'US', 'UY', 'UZ', 'VC', 'VN', 'VU', 'WS', 'XK', 'ZA', 'ZM', 'ZW']",1,203493,False,{'isrc': 'GBAHS2100678'},{'spotify': 'https://open.spotify.com/track/0VuDtcT7H4CAljLZEH021x'},https://api.spotify.com/v1/tracks/0VuDtcT7H4CAljLZEH021x,0VuDtcT7H4CAljLZEH021x,False,Stop The Rain,74,https://p.scdn.co/mp3-preview/a1a392076bd3df155463e5ad3ad1e8106c51da8c?cid=33d8deeef1ab45eab51ced741d6bf2f4,10,track,spotify:track:0VuDtcT7H4CAljLZEH021x
10,"{'album_type': 'album', 'artists': [{'external_urls': {'spotify': 'https://open.spotify.com/artist/6eUKZXaKkcviH0Ku9w2n3V'}, 'href': 'https://api.spotify.com/v1/artists/6eUKZXaKkcviH0Ku9w2n3V', 'id': '6eUKZXaKkcviH0Ku9w2n3V', 'name': 'Ed Sheeran', 'type': 'artist', 'uri': 'spotify:artist:6eUKZXaKkcviH0Ku9w2n3V'}], 'available_markets': ['AD', 'AE', 'AG', 'AL', 'AM', 'AO', 'AR', 'AT', 'AU', 'AZ', 'BA', 'BB', 'BD', 'BE', 'BF', 'BG', 'BH', 'BI', 'BJ', 'BN', 'BO', 'BR', 'BS', 'BT', 'BW', 'BY', 'BZ', 'CA', 'CH', 'CI', 'CL', 'CM', 'CO', 'CR', 'CV', 'CW', 'CY', 'CZ', 'DE', 'DJ', 'DK', 'DM', 'DO', 'DZ', 'EC', 'EE', 'EG', 'ES', 'FI', 'FJ', 'FM', 'FR', 'GA', 'GB', 'GD', 'GE', 'GH', 'GM', 'GN', 'GQ', 'GR', 'GT', 'GW', 'GY', 'HK', 'HN', 'HR', 'HT', 'HU', 'ID', 'IE', 'IL', 'IN', 'IS', 'IT', 'JM', 'JO', 'JP', 'KE', 'KG', 'KH', 'KI', 'KM', 'KN', 'KR', 'KW', 'KZ', 'LA', 'LB', 'LC', 'LI', 'LK', 'LR', 'LS', 'LT', 'LU', 'LV', 'MA', 'MC', 'MD', 'ME', 'MG', 'MH', 'MK', 'ML', 'MN', 'MO', 'MR', 'MT', 'MU', 'MV', 'MW', 'MX', 'MY', 'MZ', 'NA', 'NE', 'NG', 'NI', 'NL', 'NO', 'NP', 'NR', 'NZ', 'OM', 'PA', 'PE', 'PG', 'PH', 'PK', 'PL', 'PS', 'PT', 'PW', 'PY', 'QA', 'RO', 'RS', 'RU', 'RW', 'SA', 'SB', 'SC', 'SE', 'SG', 'SI', 'SK', 'SL', 'SM', 'SN', 'SR', 'ST', 'SV', 'SZ', 'TD', 'TG', 'TH', 'TL', 'TN', 'TO', 'TR', 'TT', 'TV', 'TW', 'TZ', 'UA', 'UG', 'US', 'UY', 'UZ', 'VC', 'VN', 'VU', 'WS', 'XK', 'ZA', 'ZM', 'ZW'], 'external_urls': {'spotify': 'https://open.spotify.com/album/32iAEBstCjauDhyKpGjTuq'}, 'href': 'https://api.spotify.com/v1/albums/32iAEBstCjauDhyKpGjTuq', 'id': '32iAEBstCjauDhyKpGjTuq', 'images': [{'height': 640, 'url': 'https://i.scdn.co/image/ab67616d0000b273ef24c3fdbf856340d55cfeb2', 'width': 640}, {'height': 300, 'url': 'https://i.scdn.co/image/ab67616d00001e02ef24c3fdbf856340d55cfeb2', 'width': 300}, {'height': 64, 'url': 'https://i.scdn.co/image/ab67616d00004851ef24c3fdbf856340d55cfeb2', 'width': 64}], 'name': '=', 'release_date': '2021-10-29', 'release_date_precision': 'day', 'total_tracks': 14, 'type': 'album', 'uri': 'spotify:album:32iAEBstCjauDhyKpGjTuq'}","[{'external_urls': {'spotify': 'https://open.spotify.com/artist/6eUKZXaKkcviH0Ku9w2n3V'}, 'href': 'https://api.spotify.com/v1/artists/6eUKZXaKkcviH0Ku9w2n3V', 'id': '6eUKZXaKkcviH0Ku9w2n3V', 'name': 'Ed Sheeran', 'type': 'artist', 'uri': 'spotify:artist:6eUKZXaKkcviH0Ku9w2n3V'}]","['AD', 'AE', 'AG', 'AL', 'AM', 'AO', 'AR', 'AT', 'AU', 'AZ', 'BA', 'BB', 'BD', 'BE', 'BF', 'BG', 'BH', 'BI', 'BJ', 'BN', 'BO', 'BR', 'BS', 'BT', 'BW', 'BY', 'BZ', 'CA', 'CH', 'CI', 'CL', 'CM', 'CO', 'CR', 'CV', 'CW', 'CY', 'CZ', 'DE', 'DJ', 'DK', 'DM', 'DO', 'DZ', 'EC', 'EE', 'EG', 'ES', 'FI', 'FJ', 'FM', 'FR', 'GA', 'GB', 'GD', 'GE', 'GH', 'GM', 'GN', 'GQ', 'GR', 'GT', 'GW', 'GY', 'HK', 'HN', 'HR', 'HT', 'HU', 'ID', 'IE', 'IL', 'IN', 'IS', 'IT', 'JM', 'JO', 'JP', 'KE', 'KG', 'KH', 'KI', 'KM', 'KN', 'KR', 'KW', 'KZ', 'LA', 'LB', 'LC', 'LI', 'LK', 'LR', 'LS', 'LT', 'LU', 'LV', 'MA', 'MC', 'MD', 'ME', 'MG', 'MH', 'MK', 'ML', 'MN', 'MO', 'MR', 'MT', 'MU', 'MV', 'MW', 'MX', 'MY', 'MZ', 'NA', 'NE', 'NG', 'NI', 'NL', 'NO', 'NP', 'NR', 'NZ', 'OM', 'PA', 'PE', 'PG', 'PH', 'PK', 'PL', 'PS', 'PT', 'PW', 'PY', 'QA', 'RO', 'RS', 'RU', 'RW', 'SA', 'SB', 'SC', 'SE', 'SG', 'SI', 'SK', 'SL', 'SM', 'SN', 'SR', 'ST', 'SV', 'SZ', 'TD', 'TG', 'TH', 'TL', 'TN', 'TO', 'TR', 'TT', 'TV', 'TW', 'TZ', 'UA', 'UG', 'US', 'UY', 'UZ', 'VC', 'VN', 'VU', 'WS', 'XK', 'ZA', 'ZM', 'ZW']",1,190933,False,{'isrc': 'GBAHS2100679'},{'spotify': 'https://open.spotify.com/track/1i4F583d9v9RabcfOlKKVL'},https://api.spotify.com/v1/tracks/1i4F583d9v9RabcfOlKKVL,1i4F583d9v9RabcfOlKKVL,False,Love In Slow Motion,74,https://p.scdn.co/mp3-preview/498e8ff5c40fa0365576b6fc85a06d8b975fbd3b?cid=33d8deeef1ab45eab51ced741d6bf2f4,11,track,spotify:track:1i4F583d9v9RabcfOlKKVL
11,"{'album_type': 'album', 'artists': [{'external_urls': {'spotify': 'https://open.spotify.com/artist/6eUKZXaKkcviH0Ku9w2n3V'}, 'href': 'https://api.spotify.com/v1/artists/6eUKZXaKkcviH0Ku9w2n3V', 'id': '6eUKZXaKkcviH0Ku9w2n3V', 'name': 'Ed Sheeran', 'type': 'artist', 'uri': 'spotify:artist:6eUKZXaKkcviH0Ku9w2n3V'}], 'available_markets': ['AD', 'AE', 'AG', 'AL', 'AM', 'AO', 'AR', 'AT', 'AU', 'AZ', 'BA', 'BB', 'BD', 'BE', 'BF', 'BG', 'BH', 'BI', 'BJ', 'BN', 'BO', 'BR', 'BS', 'BT', 'BW', 'BY', 'BZ', 'CA', 'CH', 'CI', 'CL', 'CM', 'CO', 'CR', 'CV', 'CW', 'CY', 'CZ', 'DE', 'DJ', 'DK', 'DM', 'DO', 'DZ', 'EC', 'EE', 'EG', 'ES', 'FI', 'FJ', 'FM', 'FR', 'GA', 'GB', 'GD', 'GE', 'GH', 'GM', 'GN', 'GQ', 'GR', 'GT', 'GW', 'GY', 'HK', 'HN', 'HR', 'HT', 'HU', 'ID', 'IE', 'IL', 'IN', 'IS', 'IT', 'JM', 'JO', 'JP', 'KE', 'KG', 'KH', 'KI', 'KM', 'KN', 'KR', 'KW', 'KZ', 'LA', 'LB', 'LC', 'LI', 'LK', 'LR', 'LS', 'LT', 'LU', 'LV', 'MA', 'MC', 'MD', 'ME', 'MG', 'MH', 'MK', 'ML', 'MN', 'MO', 'MR', 'MT', 'MU', 'MV', 'MW', 'MX', 'MY', 'MZ', 'NA', 'NE', 'NG', 'NI', 'NL', 'NO', 'NP', 'NR', 'NZ', 'OM', 'PA', 'PE', 'PG', 'PH', 'PK', 'PL', 'PS', 'PT', 'PW', 'PY', 'QA', 'RO', 'RS', 'RU', 'RW', 'SA', 'SB', 'SC', 'SE', 'SG', 'SI', 'SK', 'SL', 'SM', 'SN', 'SR', 'ST', 'SV', 'SZ', 'TD', 'TG', 'TH', 'TL', 'TN', 'TO', 'TR', 'TT', 'TV', 'TW', 'TZ', 'UA', 'UG', 'US', 'UY', 'UZ', 'VC', 'VN', 'VU', 'WS', 'XK', 'ZA', 'ZM', 'ZW'], 'external_urls': {'spotify': 'https://open.spotify.com/album/32iAEBstCjauDhyKpGjTuq'}, 'href': 'https://api.spotify.com/v1/albums/32iAEBstCjauDhyKpGjTuq', 'id': '32iAEBstCjauDhyKpGjTuq', 'images': [{'height': 640, 'url': 'https://i.scdn.co/image/ab67616d0000b273ef24c3fdbf856340d55cfeb2', 'width': 640}, {'height': 300, 'url': 'https://i.scdn.co/image/ab67616d00001e02ef24c3fdbf856340d55cfeb2', 'width': 300}, {'height': 64, 'url': 'https://i.scdn.co/image/ab67616d00004851ef24c3fdbf856340d55cfeb2', 'width': 64}], 'name': '=', 'release_date': '2021-10-29', 'release_date_precision': 'day', 'total_tracks': 14, 'type': 'album', 'uri': 'spotify:album:32iAEBstCjauDhyKpGjTuq'}","[{'external_urls': {'spotify': 'https://open.spotify.com/artist/6eUKZXaKkcviH0Ku9w2n3V'}, 'href': 'https://api.spotify.com/v1/artists/6eUKZXaKkcviH0Ku9w2n3V', 'id': '6eUKZXaKkcviH0Ku9w2n3V', 'name': 'Ed Sheeran', 'type': 'artist', 'uri': 'spotify:artist:6eUKZXaKkcviH0Ku9w2n3V'}]","['AD', 'AE', 'AG', 'AL', 'AM', 'AO', 'AR', 'AT', 'AU', 'AZ', 'BA', 'BB', 'BD', 'BE', 'BF', 'BG', 'BH', 'BI', 'BJ', 'BN', 'BO', 'BR', 'BS', 'BT', 'BW', 'BY', 'BZ', 'CA', 'CH', 'CI', 'CL', 'CM', 'CO', 'CR', 'CV', 'CW', 'CY', 'CZ', 'DE', 'DJ', 'DK', 'DM', 'DO', 'DZ', 'EC', 'EE', 'EG', 'ES', 'FI', 'FJ', 'FM', 'FR', 'GA', 'GB', 'GD', 'GE', 'GH', 'GM', 'GN', 'GQ', 'GR', 'GT', 'GW', 'GY', 'HK', 'HN', 'HR', 'HT', 'HU', 'ID', 'IE', 'IL', 'IN', 'IS', 'IT', 'JM', 'JO', 'JP', 'KE', 'KG', 'KH', 'KI', 'KM', 'KN', 'KR', 'KW', 'KZ', 'LA', 'LB', 'LC', 'LI', 'LK', 'LR', 'LS', 'LT', 'LU', 'LV', 'MA', 'MC', 'MD', 'ME', 'MG', 'MH', 'MK', 'ML', 'MN', 'MO', 'MR', 'MT', 'MU', 'MV', 'MW', 'MX', 'MY', 'MZ', 'NA', 'NE', 'NG', 'NI', 'NL', 'NO', 'NP', 'NR', 'NZ', 'OM', 'PA', 'PE', 'PG', 'PH', 'PK', 'PL', 'PS', 'PT', 'PW', 'PY', 'QA', 'RO', 'RS', 'RU', 'RW', 'SA', 'SB', 'SC', 'SE', 'SG', 'SI', 'SK', 'SL', 'SM', 'SN', 'SR', 'ST', 'SV', 'SZ', 'TD', 'TG', 'TH', 'TL', 'TN', 'TO', 'TR', 'TT', 'TV', 'TW', 'TZ', 'UA', 'UG', 'US', 'UY', 'UZ', 'VC', 'VN', 'VU', 'WS', 'XK', 'ZA', 'ZM', 'ZW']",1,215506,False,{'isrc': 'GBAHS2100680'},{'spotify': 'https://open.spotify.com/track/0rt63HYAAIzUZo5O2D0uA6'},https://api.spotify.com/v1/tracks/0rt63HYAAIzUZo5O2D0uA6,0rt63HYAAIzUZo5O2D0uA6,False,Visiting Hours,72,https://p.scdn.co/mp3-preview/a26c21c3454638cd22c40faf44d6e68b58bcfef8?cid=33d8deeef1ab45eab51ced741d6bf2f4,12,track,spotify:track:0rt63HYAAIzUZo5O2D0uA6
12,"{'album_type': 'album', 'artists': [{'external_urls': {'spotify': 'https://open.spotify.com/artist/6eUKZXaKkcviH0Ku9w2n3V'}, 'href': 'https://api.spotify.com/v1/artists/6eUKZXaKkcviH0Ku9w2n3V', 'id': '6eUKZXaKkcviH0Ku9w2n3V', 'name': 'Ed Sheeran', 'type': 'artist', 'uri': 'spotify:artist:6eUKZXaKkcviH0Ku9w2n3V'}], 'available_markets': ['AD', 'AE', 'AG', 'AL', 'AM', 'AO', 'AR', 'AT', 'AU', 'AZ', 'BA', 'BB', 'BD', 'BE', 'BF', 'BG', 'BH', 'BI', 'BJ', 'BN', 'BO', 'BR', 'BS', 'BT', 'BW', 'BY', 'BZ', 'CA', 'CH', 'CI', 'CL', 'CM', 'CO', 'CR', 'CV', 'CW', 'CY', 'CZ', 'DE', 'DJ', 'DK', 'DM', 'DO', 'DZ', 'EC', 'EE', 'EG', 'ES', 'FI', 'FJ', 'FM', 'FR', 'GA', 'GB', 'GD', 'GE', 'GH', 'GM', 'GN', 'GQ', 'GR', 'GT', 'GW', 'GY', 'HK', 'HN', 'HR', 'HT', 'HU', 'ID', 'IE', 'IL', 'IN', 'IS', 'IT', 'JM', 'JO', 'JP', 'KE', 'KG', 'KH', 'KI', 'KM', 'KN', 'KR', 'KW', 'KZ', 'LA', 'LB', 'LC', 'LI', 'LK', 'LR', 'LS', 'LT', 'LU', 'LV', 'MA', 'MC', 'MD', 'ME', 'MG', 'MH', 'MK', 'ML', 'MN', 'MO', 'MR', 'MT', 'MU', 'MV', 'MW', 'MX', 'MY', 'MZ', 'NA', 'NE', 'NG', 'NI', 'NL', 'NO', 'NP', 'NR', 'NZ', 'OM', 'PA', 'PE', 'PG', 'PH', 'PK', 'PL', 'PS', 'PT', 'PW', 'PY', 'QA', 'RO', 'RS', 'RU', 'RW', 'SA', 'SB', 'SC', 'SE', 'SG', 'SI', 'SK', 'SL', 'SM', 'SN', 'SR', 'ST', 'SV', 'SZ', 'TD', 'TG', 'TH', 'TL', 'TN', 'TO', 'TR', 'TT', 'TV', 'TW', 'TZ', 'UA', 'UG', 'US', 'UY', 'UZ', 'VC', 'VN', 'VU', 'WS', 'XK', 'ZA', 'ZM', 'ZW'], 'external_urls': {'spotify': 'https://open.spotify.com/album/32iAEBstCjauDhyKpGjTuq'}, 'href': 'https://api.spotify.com/v1/albums/32iAEBstCjauDhyKpGjTuq', 'id': '32iAEBstCjauDhyKpGjTuq', 'images': [{'height': 640, 'url': 'https://i.scdn.co/image/ab67616d0000b273ef24c3fdbf856340d55cfeb2', 'width': 640}, {'height': 300, 'url': 'https://i.scdn.co/image/ab67616d00001e02ef24c3fdbf856340d55cfeb2', 'width': 300}, {'height': 64, 'url': 'https://i.scdn.co/image/ab67616d00004851ef24c3fdbf856340d55cfeb2', 'width': 64}], 'name': '=', 'release_date': '2021-10-29', 'release_date_precision': 'day', 'total_tracks': 14, 'type': 'album', 'uri': 'spotify:album:32iAEBstCjauDhyKpGjTuq'}","[{'external_urls': {'spotify': 'https://open.spotify.com/artist/6eUKZXaKkcviH0Ku9w2n3V'}, 'href': 'https://api.spotify.com/v1/artists/6eUKZXaKkcviH0Ku9w2n3V', 'id': '6eUKZXaKkcviH0Ku9w2n3V', 'name': 'Ed Sheeran', 'type': 'artist', 'uri': 'spotify:artist:6eUKZXaKkcviH0Ku9w2n3V'}]","['AD', 'AE', 'AG', 'AL', 'AM', 'AO', 'AR', 'AT', 'AU', 'AZ', 'BA', 'BB', 'BD', 'BE', 'BF', 'BG', 'BH', 'BI', 'BJ', 'BN', 'BO', 'BR', 'BS', 'BT', 'BW', 'BY', 'BZ', 'CA', 'CH', 'CI', 'CL', 'CM', 'CO', 'CR', 'CV', 'CW', 'CY', 'CZ', 'DE', 'DJ', 'DK', 'DM', 'DO', 'DZ', 'EC', 'EE', 'EG', 'ES', 'FI', 'FJ', 'FM', 'FR', 'GA', 'GB', 'GD', 'GE', 'GH', 'GM', 'GN', 'GQ', 'GR', 'GT', 'GW', 'GY', 'HK', 'HN', 'HR', 'HT', 'HU', 'ID', 'IE', 'IL', 'IN', 'IS', 'IT', 'JM', 'JO', 'JP', 'KE', 'KG', 'KH', 'KI', 'KM', 'KN', 'KR', 'KW', 'KZ', 'LA', 'LB', 'LC', 'LI', 'LK', 'LR', 'LS', 'LT', 'LU', 'LV', 'MA', 'MC', 'MD', 'ME', 'MG', 'MH', 'MK', 'ML', 'MN', 'MO', 'MR', 'MT', 'MU', 'MV', 'MW', 'MX', 'MY', 'MZ', 'NA', 'NE', 'NG', 'NI', 'NL', 'NO', 'NP', 'NR', 'NZ', 'OM', 'PA', 'PE', 'PG', 'PH', 'PK', 'PL', 'PS', 'PT', 'PW', 'PY', 'QA', 'RO', 'RS', 'RU', 'RW', 'SA', 'SB', 'SC', 'SE', 'SG', 'SI', 'SK', 'SL', 'SM', 'SN', 'SR', 'ST', 'SV', 'SZ', 'TD', 'TG', 'TH', 'TL', 'TN', 'TO', 'TR', 'TT', 'TV', 'TW', 'TZ', 'UA', 'UG', 'US', 'UY', 'UZ', 'VC', 'VN', 'VU', 'WS', 'XK', 'ZA', 'ZM', 'ZW']",1,259333,False,{'isrc': 'GBAHS2100681'},{'spotify': 'https://open.spotify.com/track/2Ldb2ytuC9AxhpAkVEJBI6'},https://api.spotify.com/v1/tracks/2Ldb2ytuC9AxhpAkVEJBI6,2Ldb2ytuC9AxhpAkVEJBI6,False,Sandman,72,https://p.scdn.co/mp3-preview/155e7f9114c13d619f1daa5e5343e1cb3a660949?cid=33d8deeef1ab45eab51ced741d6bf2f4,13,track,spotify:track:2Ldb2ytuC9AxhpAkVEJBI6
13,"{'album_type': 'album', 'artists': [{'external_urls': {'spotify': 'https://open.spotify.com/artist/6eUKZXaKkcviH0Ku9w2n3V'}, 'href': 'https://api.spotify.com/v1/artists/6eUKZXaKkcviH0Ku9w2n3V', 'id': '6eUKZXaKkcviH0Ku9w2n3V', 'name': 'Ed Sheeran', 'type': 'artist', 'uri': 'spotify:artist:6eUKZXaKkcviH0Ku9w2n3V'}], 'available_markets': ['AD', 'AE', 'AG', 'AL', 'AM', 'AO', 'AR', 'AT', 'AU', 'AZ', 'BA', 'BB', 'BD', 'BE', 'BF', 'BG', 'BH', 'BI', 'BJ', 'BN', 'BO', 'BR', 'BS', 'BT', 'BW', 'BY', 'BZ', 'CA', 'CH', 'CI', 'CL', 'CM', 'CO', 'CR', 'CV', 'CW', 'CY', 'CZ', 'DE', 'DJ', 'DK', 'DM', 'DO', 'DZ', 'EC', 'EE', 'EG', 'ES', 'FI', 'FJ', 'FM', 'FR', 'GA', 'GB', 'GD', 'GE', 'GH', 'GM', 'GN', 'GQ', 'GR', 'GT', 'GW', 'GY', 'HK', 'HN', 'HR', 'HT', 'HU', 'ID', 'IE', 'IL', 'IN', 'IS', 'IT', 'JM', 'JO', 'JP', 'KE', 'KG', 'KH', 'KI', 'KM', 'KN', 'KR', 'KW', 'KZ', 'LA', 'LB', 'LC', 'LI', 'LK', 'LR', 'LS', 'LT', 'LU', 'LV', 'MA', 'MC', 'MD', 'ME', 'MG', 'MH', 'MK', 'ML', 'MN', 'MO', 'MR', 'MT', 'MU', 'MV', 'MW', 'MX', 'MY', 'MZ', 'NA', 'NE', 'NG', 'NI', 'NL', 'NO', 'NP', 'NR', 'NZ', 'OM', 'PA', 'PE', 'PG', 'PH', 'PK', 'PL', 'PS', 'PT', 'PW', 'PY', 'QA', 'RO', 'RS', 'RU', 'RW', 'SA', 'SB', 'SC', 'SE', 'SG', 'SI', 'SK', 'SL', 'SM', 'SN', 'SR', 'ST', 'SV', 'SZ', 'TD', 'TG', 'TH', 'TL', 'TN', 'TO', 'TR', 'TT', 'TV', 'TW', 'TZ', 'UA', 'UG', 'US', 'UY', 'UZ', 'VC', 'VN', 'VU', 'WS', 'XK', 'ZA', 'ZM', 'ZW'], 'external_urls': {'spotify': 'https://open.spotify.com/album/32iAEBstCjauDhyKpGjTuq'}, 'href': 'https://api.spotify.com/v1/albums/32iAEBstCjauDhyKpGjTuq', 'id': '32iAEBstCjauDhyKpGjTuq', 'images': [{'height': 640, 'url': 'https://i.scdn.co/image/ab67616d0000b273ef24c3fdbf856340d55cfeb2', 'width': 640}, {'height': 300, 'url': 'https://i.scdn.co/image/ab67616d00001e02ef24c3fdbf856340d55cfeb2', 'width': 300}, {'height': 64, 'url': 'https://i.scdn.co/image/ab67616d00004851ef24c3fdbf856340d55cfeb2', 'width': 64}], 'name': '=', 'release_date': '2021-10-29', 'release_date_precision': 'day', 'total_tracks': 14, 'type': 'album', 'uri': 'spotify:album:32iAEBstCjauDhyKpGjTuq'}","[{'external_urls': {'spotify': 'https://open.spotify.com/artist/6eUKZXaKkcviH0Ku9w2n3V'}, 'href': 'https://api.spotify.com/v1/artists/6eUKZXaKkcviH0Ku9w2n3V', 'id': '6eUKZXaKkcviH0Ku9w2n3V', 'name': 'Ed Sheeran', 'type': 'artist', 'uri': 'spotify:artist:6eUKZXaKkcviH0Ku9w2n3V'}]","['AD', 'AE', 'AG', 'AL', 'AM', 'AO', 'AR', 'AT', 'AU', 'AZ', 'BA', 'BB', 'BD', 'BE', 'BF', 'BG', 'BH', 'BI', 'BJ', 'BN', 'BO', 'BR', 'BS', 'BT', 'BW', 'BY', 'BZ', 'CA', 'CH', 'CI', 'CL', 'CM', 'CO', 'CR', 'CV', 'CW', 'CY', 'CZ', 'DE', 'DJ', 'DK', 'DM', 'DO', 'DZ', 'EC', 'EE', 'EG', 'ES', 'FI', 'FJ', 'FM', 'FR', 'GA', 'GB', 'GD', 'GE', 'GH', 'GM', 'GN', 'GQ', 'GR', 'GT', 'GW', 'GY', 'HK', 'HN', 'HR', 'HT', 'HU', 'ID', 'IE', 'IL', 'IN', 'IS', 'IT', 'JM', 'JO', 'JP', 'KE', 'KG', 'KH', 'KI', 'KM', 'KN', 'KR', 'KW', 'KZ', 'LA', 'LB', 'LC', 'LI', 'LK', 'LR', 'LS', 'LT', 'LU', 'LV', 'MA', 'MC', 'MD', 'ME', 'MG', 'MH', 'MK', 'ML', 'MN', 'MO', 'MR', 'MT', 'MU', 'MV', 'MW', 'MX', 'MY', 'MZ', 'NA', 'NE', 'NG', 'NI', 'NL', 'NO', 'NP', 'NR', 'NZ', 'OM', 'PA', 'PE', 'PG', 'PH', 'PK', 'PL', 'PS', 'PT', 'PW', 'PY', 'QA', 'RO', 'RS', 'RU', 'RW', 'SA', 'SB', 'SC', 'SE', 'SG', 'SI', 'SK', 'SL', 'SM', 'SN', 'SR', 'ST', 'SV', 'SZ', 'TD', 'TG', 'TH', 'TL', 'TN', 'TO', 'TR', 'TT', 'TV', 'TW', 'TZ', 'UA', 'UG', 'US', 'UY', 'UZ', 'VC', 'VN', 'VU', 'WS', 'XK', 'ZA', 'ZM', 'ZW']",1,211080,False,{'isrc': 'GBAHS2100682'},{'spotify': 'https://open.spotify.com/track/3BiiSLo0wyHAY7lpCEO6ge'},https://api.spotify.com/v1/tracks/3BiiSLo0wyHAY7lpCEO6ge,3BiiSLo0wyHAY7lpCEO6ge,False,Be Right Now,72,https://p.scdn.co/mp3-preview/5713f877bd09888d970f0aa5297f7705248d9cdd?cid=33d8deeef1ab45eab51ced741d6bf2f4,14,track,spotify:track:3BiiSLo0wyHAY7lpCEO6ge
